NID,Count
1867,28
1875,24
1523,22
1697,22
1384,22
2165,21
696,21
1561,21
792,21
1548,20
1560,20
1554,20
1686,20
1976,20
667,19
1489,19
1501,19
1566,18
865,18
1148,18
606,18
1799,18
1556,18
355,17
1715,17
681,17
1549,17
274,17
1694,17
1546,17
1660,16
1720,16
683,16
1721,16
1541,16
2182,16
1567,16
1921,16
793,15
770,15
1533,15
1551,15
1535,15
340,15
668,15
278,15
717,15
871,15
1527,14
868,14
883,14
1971,14
1563,14
690,14
1985,14
380,14
1521,14
1540,14
1857,14
585,14
741,14
1028,14
1885,14
1559,14
791,14
1859,13
487,13
330,13
1539,13
995,13
455,13
1508,13
560,13
1499,13
478,13
360,13
1550,13
2014,13
788,13
537,13
1640,13
543,13
1555,13
624,12
338,12
1534,12
628,12
839,12
1528,12
352,12
1513,12
1876,12
1846,12
1655,12
1558,12
329,12
1856,12
1659,12
1488,12
1492,12
347,12
726,12
769,12
1375,11
1562,11
718,11
1121,11
544,11
1717,11
615,11
1882,11
1507,11
328,11
1504,11
1210,11
489,11
1639,11
1868,11
785,11
776,11
652,11
643,11
348,11
1552,11
1158,11
1497,11
768,11
1702,10
1860,10
1547,10
674,10
1537,10
789,10
2094,10
1485,10
860,10
649,10
824,10
1863,10
950,10
899,10
533,10
1151,10
1503,10
502,10
294,10
645,10
1498,10
1674,10
1623,10
727,10
1526,10
786,10
576,10
1865,10
1502,10
896,10
1872,10
1638,10
1564,10
361,10
790,10
1718,10
1932,10
310,10
1382,9
1494,9
535,9
1519,9
716,9
992,9
1495,9
1514,9
377,9
796,9
1175,9
1910,9
457,9
803,9
675,9
795,9
1532,9
609,9
844,9
648,9
893,9
2169,9
471,9
1500,9
2166,9
1635,8
1515,8
341,8
891,8
650,8
493,8
1887,8
1651,8
697,8
299,8
1861,8
465,8
1869,8
1157,8
691,8
953,8
1881,8
485,8
492,8
1545,8
1675,8
298,8
504,7
777,7
333,7
1959,7
1995,7
282,7
2130,7
738,7
1177,7
378,7
724,7
620,7
670,7
607,7
881,7
1048,7
604,7
1626,7
1051,7
1042,7
1496,7
680,7
275,7
1893,7
622,7
1826,7
1487,7
575,7
521,7
1815,7
935,7
484,7
1880,7
460,7
1269,7
343,7
304,7
1591,7
781,7
344,7
316,7
322,7
1512,7
612,7
314,7
1871,7
381,7
780,7
1624,7
1632,7
1510,6
1511,6
542,6
775,6
1820,6
880,6
747,6
391,6
701,6
1944,6
1518,6
1376,6
1810,6
356,6
737,6
527,6
365,6
1506,6
784,6
1874,6
651,6
2039,6
619,6
778,6
1840,6
1052,6
677,6
1146,6
1398,6
1228,6
740,6
358,6
2011,6
833,6
297,6
442,6
1275,6
384,6
2006,6
692,6
613,6
2015,6
2023,6
1946,6
773,6
2128,6
1553,6
1493,6
390,6
353,6
452,6
657,6
1386,6
1947,6
1150,6
1704,6
354,6
376,6
801,6
1866,6
682,6
644,6
1818,6
470,6
1206,6
721,6
1178,6
379,5
1159,5
1935,5
1169,5
483,5
739,5
1380,5
385,5
331,5
1046,5
1012,5
1229,5
564,5
678,5
783,5
386,5
2034,5
825,5
1939,5
924,5
1942,5
1620,5
1934,5
1719,5
805,5
1450,5
1958,5
1676,5
405,5
1034,5
1516,5
1824,5
277,5
468,5
1060,5
296,5
293,5
2167,5
320,5
772,5
1967,5
458,5
642,5
1520,5
1065,5
1140,5
1179,5
1037,5
1103,5
728,5
1505,5
984,5
926,5
507,5
610,5
655,5
1904,5
923,5
1107,5
1625,5
688,5
2098,5
1612,5
375,5
300,5
959,5
679,5
357,5
477,5
987,5
362,5
1161,5
363,5
285,5
1785,5
985,5
1938,5
822,5
659,5
1142,5
2044,4
787,4
646,4
2177,4
2096,4
1054,4
2028,4
454,4
1271,4
463,4
288,4
1285,4
745,4
486,4
1722,4
1681,4
933,4
2054,4
387,4
1509,4
447,4
1964,4
706,4
364,4
1217,4
1490,4
671,4
1834,4
1385,4
1962,4
990,4
2129,4
1949,4
473,4
1143,4
407,4
1877,4
2013,4
1998,4
735,4
339,4
999,4
876,4
1243,4
1270,4
821,4
2181,4
1173,4
1990,4
306,4
812,4
722,4
2168,4
2040,4
870,4
1144,4
2105,4
1864,4
495,4
614,4
1817,4
336,4
654,4
771,4
1628,4
318,4
1264,4
653,4
503,4
1027,4
862,4
393,4
693,4
1047,4
497,4
743,4
382,4
1057,4
287,4
1621,4
1627,4
1936,4
736,4
1530,4
798,4
2024,4
892,4
1689,4
719,4
1960,4
742,4
372,4
276,4
1952,4
342,4
1357,4
1408,4
1484,4
939,4
1542,4
1883,4
684,4
351,4
934,4
1050,4
1723,4
666,4
1862,4
616,4
982,4
500,4
508,4
882,4
1937,4
374,4
1104,3
730,3
1154,3
834,3
1816,3
829,3
733,3
1391,3
1803,3
350,3
1969,3
2175,3
1953,3
410,3
828,3
480,3
1276,3
411,3
1673,3
2143,3
963,3
2010,3
1978,3
308,3
2036,3
1557,3
1873,3
481,3
2021,3
799,3
1190,3
369,3
1644,3
305,3
1135,3
625,3
715,3
1656,3
1968,3
1108,3
394,3
1678,3
1699,3
1974,3
2144,3
890,3
291,3
2110,3
1616,3
1769,3
2033,3
1957,3
1059,3
725,3
1884,3
464,3
1940,3
629,3
536,3
903,3
1950,3
925,3
2100,3
2178,3
779,3
676,3
1036,3
1538,3
1956,3
1486,3
1954,3
368,3
687,3
513,3
326,3
1356,3
283,3
1768,3
804,3
734,3
1928,3
1646,3
1770,3
1137,3
1272,3
496,3
1529,3
1031,3
2018,3
2005,3
879,3
546,3
1439,3
395,3
623,3
1278,3
640,3
1839,3
1056,3
1522,3
2004,3
1043,3
2020,3
800,3
2114,3
2025,3
981,3
398,3
2012,3
1478,3
831,3
404,3
1951,3
1524,3
1823,3
547,3
1819,3
720,3
672,3
927,3
1214,3
1377,3
1828,3
1128,3
1044,3
1999,3
505,3
281,3
897,3
1058,3
301,3
1283,3
621,3
2037,3
346,3
528,3
1698,3
1435,3
1652,3
317,3
1641,3
832,3
1643,3
289,3
2003,3
1802,3
1149,3
1654,3
290,3
823,3
1991,3
467,3
951,3
479,3
315,3
835,3
334,3
1804,3
1966,3
782,3
462,3
1892,3
1657,3
1011,2
685,2
1306,2
511,2
1041,2
714,2
2113,2
746,2
2104,2
2042,2
1147,2
1480,2
744,2
474,2
2008,2
1661,2
712,2
1102,2
2117,2
1174,2
1381,2
1605,2
867,2
991,2
1650,2
1446,2
662,2
1767,2
1062,2
929,2
1332,2
1073,2
370,2
1266,2
1965,2
359,2
686,2
1113,2
1955,2
813,2
580,2
656,2
2009,2
663,2
967,2
472,2
1771,2
2138,2
1630,2
1642,2
855,2
1002,2
1648,2
962,2
1688,2
2027,2
1067,2
665,2
1049,2
2095,2
1800,2
1195,2
1164,2
932,2
1536,2
1139,2
841,2
952,2
1284,2
1961,2
475,2
626,2
1168,2
1568,2
396,2
1701,2
1979,2
431,2
2112,2
994,2
1152,2
1822,2
2107,2
512,2
660,2
658,2
2097,2
1277,2
2031,2
2116,2
836,2
966,2
838,2
1647,2
1166,2
750,2
1925,2
515,2
873,2
1373,2
968,2
1440,2
1963,2
292,2
1945,2
1858,2
983,2
1764,2
1832,2
928,2
520,2
998,2
2022,2
1931,2
1977,2
2099,2
1155,2
2030,2
1110,2
1801,2
1658,2
617,2
954,2
579,2
1482,2
1479,2
1141,2
1281,2
1645,2
1055,2
920,2
938,2
2017,2
1279,2
1728,2
1136,2
1483,2
1525,2
837,2
1716,2
337,2
1145,2
388,2
456,2
491,2
1662,2
345,2
1972,2
1737,2
2016,2
2101,2
279,2
284,2
627,2
970,2
940,2
1388,2
902,2
432,2
1531,2
1982,2
1911,2
1888,2
794,2
1156,2
490,2
1109,2
1171,2
993,2
748,2
476,2
1288,2
494,2
1066,2
1134,2
366,2
1326,2
461,2
1203,2
1735,2
2109,2
1167,2
1039,2
1201,2
1299,2
1265,2
1183,2
1153,2
729,2
1301,2
864,2
1387,2
1291,2
2035,2
1606,2
1571,2
863,2
723,2
1933,2
1219,2
519,2
2103,2
2038,2
459,2
1001,2
389,2
1517,2
1477,2
937,2
647,2
1809,2
1696,2
749,2
1181,2
1941,2
866,2
324,2
332,2
1162,2
988,2
673,2
451,2
510,2
709,2
2115,2
1705,2
373,2
1631,2
1835,2
1870,2
1677,2
325,2
1170,2
669,2
383,2
996,2
1825,2
371,2
466,2
872,2
1996,2
2007,2
731,2
826,2
965,2
1383,2
997,2
1101,2
2102,2
1185,2
295,2
2121,2
1841,2
1053,2
1282,2
1035,2
2047,2
2108,2
1025,2
1649,2
1379,2
1268,2
469,2
1163,2
367,2
869,2
2041,2
1267,2
552,2
1061,2
1491,2
532,2
1184,2
840,2
1289,2
827,2
1481,2
797,2
1160,2
1843,2
664,2
632,2
1064,2
408,2
2119,2
1378,2
603,2
2026,2
2029,2
802,2
969,2
286,2
482,2
400,2
1374,2
1318,2
1274,2
661,2
936,2
913,2
1165,2
1394,2
1827,2
732,2
964,2
1000,2
514,2
2137,2
534,2
941,2
307,2
488,2
830,2
1653,2
630,2
1943,2
1970,2
1273,2
2106,2
1417,2
618,2
1347,2
2019,2
280,2
1878,2
1256,2
2032,2
1329,2
525,2
2131,2
1138,2
1604,2
986,2
2051,2
1838,2
2179,2
774,2
1879,2
499,2
1948,2
989,2
2180,2
501,2
1837,2
1821,2
2111,2
1406,1
973,1
1131,1
1431,1
811,1
639,1
1973,1
633,1
1573,1
1045,1
1407,1
1241,1
1836,1
1758,1
1736,1
445,1
1197,1
971,1
2074,1
1794,1
638,1
820,1
1666,1
2064,1
2170,1
335,1
1324,1
1599,1
2066,1
1040,1
1449,1
980,1
1781,1
898,1
1333,1
1458,1
815,1
1083,1
1975,1
2124,1
518,1
1231,1
1585,1
412,1
1352,1
1775,1
1845,1
1293,1
875,1
450,1
1421,1
323,1
1395,1
1226,1
1895,1
1223,1
1583,1
2002,1
1218,1
605,1
708,1
1091,1
1665,1
889,1
1601,1
1414,1
440,1
1854,1
1890,1
1081,1
1359,1
847,1
1230,1
577,1
554,1
559,1
2059,1
1334,1
588,1
1466,1
1010,1
2085,1
541,1
2045,1
595,1
1182,1
437,1
1263,1
1022,1
1724,1
1325,1
1731,1
878,1
1216,1
1339,1
1004,1
907,1
1354,1
1984,1
420,1
2081,1
1079,1
888,1
2149,1
2133,1
1733,1
819,1
1330,1
1422,1
1592,1
1438,1
2058,1
1711,1
874,1
1344,1
550,1
1076,1
955,1
1797,1
1814,1
517,1
1192,1
1209,1
1085,1
1455,1
1636,1
1075,1
1021,1
2126,1
2125,1
1752,1
2172,1
1572,1
806,1
427,1
2091,1
1992,1
1922,1
313,1
1018,1
957,1
1905,1
1690,1
1682,1
1017,1
1254,1
2157,1
1207,1
540,1
906,1
1244,1
1030,1
435,1
1907,1
1813,1
1668,1
1432,1
1578,1
592,1
572,1
2072,1
538,1
1473,1
1297,1
1900,1
561,1
901,1
557,1
1239,1
1342,1
1321,1
641,1
531,1
2164,1
846,1
1427,1
2146,1
1296,1
1633,1
1130,1
2084,1
1069,1
1710,1
1399,1
1707,1
1891,1
506,1
702,1
414,1
327,1
1125,1
1078,1
1366,1
1189,1
439,1
1249,1
2086,1
1452,1
1637,1
423,1
858,1
429,1
526,1
1319,1
979,1
1433,1
1598,1
1989,1
1577,1
1594,1
602,1
1850,1
2053,1
434,1
1413,1
2151,1
2052,1
1763,1
1831,1
1743,1
1756,1
1115,1
1098,1
2069,1
1308,1
1213,1
1766,1
426,1
422,1
349,1
1615,1
1671,1
961,1
2150,1
523,1
428,1
1997,1
1071,1
441,1
1853,1
1090,1
1570,1
1786,1
1923,1
1351,1
1776,1
1120,1
1212,1
1914,1
1899,1
1726,1
1390,1
1208,1
1327,1
1172,1
1730,1
1077,1
1459,1
596,1
1095,1
1426,1
1917,1
2153,1
1829,1
1097,1
1032,1
814,1
1622,1
1806,1
1087,1
430,1
1579,1
1191,1
2139,1
1586,1
884,1
582,1
1416,1
816,1
1472,1
1187,1
1930,1
908,1
1176,1
842,1
425,1
524,1
1445,1
1068,1
1338,1
1732,1
763,1
1425,1
852,1
977,1
2093,1
1847,1
1286,1
1410,1
1114,1
1811,1
1765,1
1250,1
695,1
1126,1
1215,1
2142,1
1009,1
1419,1
403,1
895,1
1695,1
1842,1
943,1
402,1
1074,1
443,1
436,1
1760,1
1290,1
1350,1
453,1
397,1
1672,1
2127,1
753,1
1262,1
1448,1
1429,1
303,1
1855,1
1807,1
1331,1
1363,1
1761,1
1784,1
1576,1
1396,1
1412,1
1092,1
767,1
1320,1
1848,1
1734,1
1788,1
530,1
1441,1
1926,1
1224,1
1898,1
1204,1
1310,1
1096,1
1462,1
419,1
1994,1
905,1
1118,1
608,1
1463,1
1453,1
539,1
1349,1
589,1
1127,1
861,1
1680,1
2000,1
2163,1
877,1
1353,1
1234,1
1415,1
1745,1
1581,1
885,1
1582,1
1358,1
914,1
1360,1
944,1
1569,1
1086,1
1013,1
1600,1
1460,1
1280,1
2132,1
1667,1
2082,1
1033,1
1232,1
2079,1
1456,1
1100,1
1080,1
1023,1
1805,1
1980,1
1409,1
960,1
401,1
1313,1
1575,1
2162,1
761,1
1401,1
611,1
2118,1
2148,1
569,1
1740,1
1759,1
919,1
1912,1
1255,1
1294,1
1614,1
1402,1
1302,1
2077,1
1664,1
713,1
1235,1
1919,1
1772,1
1094,1
1593,1
1908,1
922,1
1739,1
1574,1
1981,1
1304,1
448,1
1314,1
1252,1
1909,1
1233,1
900,1
1777,1
1211,1
1303,1
707,1
2070,1
1757,1
601,1
915,1
545,1
1565,1
1469,1
1833,1
1336,1
1461,1
586,1
565,1
1251,1
1725,1
553,1
1063,1
1886,1
1706,1
1072,1
1317,1
2075,1
2071,1
2120,1
312,1
904,1
1603,1
1196,1
756,1
1188,1
1692,1
818,1
1613,1
1133,1
1258,1
2147,1
1748,1
2043,1
1236,1
1038,1
558,1
413,1
2140,1
887,1
529,1
1812,1
1778,1
859,1
583,1
1392,1
972,1
1589,1
2065,1
1346,1
1247,1
597,1
1323,1
760,1
2056,1
856,1
571,1
910,1
574,1
1193,1
1105,1
1618,1
1199,1
1447,1
1924,1
1404,1
1019,1
2087,1
1470,1
1774,1
321,1
1468,1
1916,1
1307,1
689,1
418,1
562,1
2080,1
1112,1
1337,1
1227,1
1685,1
1122,1
1400,1
1894,1
2161,1
1186,1
1370,1
2090,1
1762,1
1611,1
2089,1
848,1
1403,1
751,1
1915,1
637,1
916,1
1312,1
1424,1
894,1
1475,1
1782,1
930,1
1471,1
1988,1
417,1
1779,1
1849,1
1465,1
2068,1
1259,1
886,1
1315,1
1476,1
591,1
1457,1
406,1
1129,1
449,1
1903,1
711,1
2001,1
1246,1
1093,1
1222,1
1986,1
551,1
1918,1
1588,1
703,1
2048,1
2049,1
1070,1
843,1
578,1
1787,1
700,1
567,1
1595,1
699,1
1257,1
949,1
1744,1
1008,1
416,1
1683,1
1348,1
1016,1
1198,1
409,1
2160,1
947,1
764,1
444,1
1368,1
1119,1
1372,1
766,1
710,1
1738,1
1906,1
1901,1
522,1
1020,1
758,1
587,1
1436,1
631,1
1544,1
1084,1
1397,1
1341,1
1808,1
581,1
857,1
1369,1
2078,1
909,1
1328,1
593,1
1708,1
2055,1
754,1
1669,1
1088,1
2158,1
1365,1
1795,1
931,1
1913,1
1700,1
845,1
1418,1
1238,1
1902,1
590,1
976,1
1597,1
1749,1
694,1
757,1
433,1
1712,1
421,1
1746,1
1830,1
1311,1
1200,1
1287,1
1691,1
1609,1
911,1
2141,1
594,1
948,1
2088,1
2134,1
1467,1
1362,1
1791,1
1693,1
1929,1
319,1
1602,1
1248,1
1123,1
917,1
912,1
1117,1
1780,1
1663,1
1305,1
918,1
1430,1
2046,1
1005,1
809,1
311,1
1361,1
1983,1
1617,1
1454,1
1993,1
1750,1
2152,1
1634,1
942,1
1464,1
1714,1
1428,1
1405,1
1444,1
1420,1
1335,1
1754,1
2061,1
1751,1
424,1
1783,1
1316,1
1343,1
1393,1
956,1
1355,1
1543,1
1798,1
598,1
549,1
1180,1
1889,1
1742,1
1367,1
817,1
1006,1
1099,1
555,1
945,1
309,1
2067,1
2076,1
1237,1
568,1
1679,1
1587,1
399,1
1755,1
2183,1
1295,1
1896,1
1727,1
634,1
1590,1
1202,1
2145,1
1789,1
2155,1
600,1
2050,1
752,1
566,1
584,1
1629,1
1260,1
1111,1
1844,1
850,1
1474,1
1753,1
705,1
1124,1
1610,1
755,1
2057,1
1437,1
1442,1
704,1
1194,1
1245,1
1713,1
1106,1
1298,1
446,1
808,1
946,1
635,1
1322,1
810,1
978,1
1619,1
2092,1
1371,1
2123,1
302,1
1205,1
1897,1
765,1
2083,1
1300,1
853,1
1790,1
556,1
392,1
1747,1
1423,1
2159,1
498,1
1670,1
1240,1
1132,1
599,1
2156,1
516,1
1345,1
548,1
1434,1
1608,1
807,1
1116,1
1607,1
1796,1
573,1
851,1
759,1
1389,1
2154,1
1026,1
974,1
1242,1
1225,1
2062,1
1584,1
1741,1
2073,1
563,1
1580,1
2135,1
1089,1
1443,1
1792,1
570,1
1920,1
762,1
2063,1
1261,1
636,1
415,1
1852,1
1451,1
1015,1
1340,1
1007,1
509,1
1024,1
1253,1
438,1
1684,1
1793,1
1221,1
1851,1
2122,1
921,1
958,1
854,1
1596,1
1987,1
1309,1
1003,1
2136,1
1029,1
1364,1
975,1
1709,1
1687,1
1729,1
1773,1
1014,1
1703,1
1292,1
1411,1
1082,1
849,1
1927,1
698,1
2060,1
